Mutation,Mutation_id,s,mutrate_increase,num_trimmed_mut,median_VAFs,prop_low_freqs,count_negatives,low_density_cutoffs,incomplete_densities,multimodal_pvals,normal_pvals,ID2,boostDM_score,Drivers_12genes,SYMBOL
U2AF1 141.0 H/Y,21-43094716-A,0.0458970911912263,1114.829852169407,698,0.0416666666666666,1.0,2,5,1,0.998001998001998,2.518241854457064e-55,21-43094716-A,0.12991284,0,U2AF1
DNMT3A 882.0 R/H,2-25234373-T,0.0892922152695058,1.1779980522330185,808,0.074074074074074,0.8312428734321551,1,2,0,1.0,1.2861523702699222e-60,2-25234373-T,0.99920696,1,DNMT3A
DNMT3A 882.0 R/C,2-25234374-A,0.0906031721076177,0.9391069342116694,526,0.0683374844333748,0.8456140350877193,0,2,0,1.0,4.825631839250942e-40,2-25234374-A,0.9990081,1,DNMT3A
DNMT3A 735.0 Y/C,2-25240420-C,0.0736989823906714,17.23334220632128,259,0.0439886480908152,0.9661016949152542,0,2,0,1.0,1.3292168106622466e-55,2-25240420-C,0.99859756,1,DNMT3A
DNMT3A 736.0 R/H,2-25240417-T,0.0854402105832702,0.2703353102083625,171,0.0515030946065428,0.9158878504672896,0,2,0,1.0,1.852102689864844e-26,2-25240417-T,0.9936915,1,DNMT3A
DNMT3A 904.0 P/L,2-25234307-A,0.086198820187375,0.3511836619524358,174,0.0518148625429553,0.8785046728971962,0,2,0,0.984015984015984,1.8443306454805744e-22,2-25234307-A,0.96662474,1,DNMT3A
DNMT3A 771.0 R/*,2-25240313-A,0.0871516558714947,0.2326916323083528,166,0.0545454545454545,0.9064039408866996,0,2,0,0.998001998001998,4.1911309886299455e-28,2-25240313-A,0.9965085,1,DNMT3A
DNMT3A 326.0 R/C,2-25247629-A,0.0847122903879777,0.3207137297616108,143,0.0476190476190476,0.9154228855721394,0,3,0,0.999000999000999,8.185268290922164e-26,2-25247629-A,0.9889416,1,DNMT3A
DNMT3A 635.0 R/W,2-25243931-A,0.0828231621413888,0.4844597658164487,178,0.0606060606060606,0.914572864321608,0,2,0,1.0,4.3365243928770607e-17,2-25243931-A,0.99824715,1,DNMT3A
CHEK2 387.0 I/L,22-28696966-G,0.0887337171969269,37.9629306889096,189,0.2,0.4656084656084656,6,0,0,0.8011988011988012,0.0006972094096336,22-28696966-G,0.24935794,0,CHEK2
DNMT3A 736.0 R/C,2-25240418-A,0.0928081743557067,0.2078377258571722,155,0.0530973451327433,0.9153439153439152,1,2,0,0.997002997002997,6.408763495732008e-28,2-25240418-A,0.99534386,1,DNMT3A
DNMT3A 598.0 R/*,2-25244214-A,0.0791453497580223,0.3190308534406549,139,0.0473389355742296,0.9252873563218392,0,2,0,0.995004995004995,8.669032343142536e-25,2-25244214-A,0.9845803,1,DNMT3A
DNMT3A 729.0 R/W,2-25240439-A,0.0867001721654032,0.2217938143005364,123,0.0483870967741935,0.9447852760736196,0,2,0,1.0,7.088902169293653e-30,2-25240439-A,0.99416375,1,DNMT3A
U2AF1 211.0 R/G,21-43093194-C,0.0482933584232323,423.67243986418566,133,0.0472470238095238,1.0,3,4,0,0.997002997002997,6.761069295182767e-08,21-43093194-C,0.0015355339,0,U2AF1
DNMT3A 320.0 R/*,2-25247647-A,0.081823361015479,0.231743727026159,86,0.0406185567010309,0.9485294117647058,0,3,0,0.973026973026973,2.4694115425982037e-17,2-25247647-A,0.99273187,1,DNMT3A
DNMT3A 688.0 R/H,2-25241581-T,0.087059972074188,0.1228566046227485,99,0.0462250712250711,0.9285714285714286,0,1,0,0.978021978021978,3.2759887286163e-22,2-25241581-T,0.74485445,1,DNMT3A
DNMT3A 326.0 R/H,2-25247628-T,0.0802714404541952,0.1510804567380611,73,0.0391543178334184,0.9435483870967742,0,2,0,0.967032967032967,1.6712932702321595e-20,2-25247628-T,0.946018,1,DNMT3A
DNMT3A 635.0 R/Q,2-25243930-T,0.094997971059001,0.1050099814369976,98,0.0581526330611095,0.9017857142857144,0,1,0,0.958041958041958,1.83775693445346e-17,2-25243930-T,0.98359734,1,DNMT3A
U2AF1 209.0 R/G,21-43093200-C,0.0506054815650657,173.36135952065558,102,0.0472470238095238,1.0,3,1,0,0.8511488511488512,4.891191914645642e-06,21-43093200-C,0.0031490854,0,U2AF1
DNMT3A 544.0 R/H,2-25244576-T,0.0545182915045716,1.7307154020989142,95,0.046875,1.0,0,1,1,0.999000999000999,1.2492064073168768e-20,2-25244576-T,0.0064005232,0,DNMT3A
ASXL1 583.0 W/R,20-32434459-A,0.0499166178382004,249.71855444571116,97,0.0434782608695652,1.0,1,2,1,0.991008991008991,6.8832159027444335e-15,20-32434459-A,4.6849193e-05,0,ASXL1
DNMT3A 770.0 S/L,2-25240315-A,0.0845667730568381,0.2215698093866563,88,0.0526477832512314,0.9339622641509434,0,2,0,1.0,7.387965490910438e-20,2-25240315-A,0.9256804,1,DNMT3A
SF3B1 700.0 K/E,2-197402110-C,0.0822146992498542,8.133340820532815,75,0.075,0.9029126213592232,0,2,0,0.964035964035964,2.0866822880983322e-08,2-197402110-C,0.9997465,1,SF3B1
DNMT3A 657.0 V/M,2-25241675-T,0.0790133402230478,1.1940642303697944,76,0.0493827160493827,0.9805825242718448,1,1,1,0.7272727272727273,3.0997547655342528e-15,2-25241675-T,0.9899939,1,DNMT3A
TET2 1873.0 I/T,4-105276128-C,0.085025324068426,1.980592705754427,90,0.0636968516715352,0.9081632653061223,0,1,0,1.0,1.4278550287245373e-15,4-105276128-C,0.9966009,1,TET2
SRSF2 95.0 P/H,17-76736877-T,0.1051845827123491,1.580648793198546,84,0.0843373493975903,0.7422680412371134,1,1,0,1.0,0.0007137691021213,17-76736877-T,0.99973994,1,SRSF2
DNMT3A 755.0 F/S,2-25240360-G,0.0864572265215417,4.385030677342939,77,0.053763440860215,0.9263157894736842,0,2,0,0.7652347652347652,1.7728361100018322e-16,2-25240360-G,0.93152684,1,DNMT3A
DNMT3A 771.0 R/Q,2-25240312-T,0.0844375332068234,0.240992640088786,81,0.0545454545454545,0.935483870967742,0,2,1,0.948051948051948,3.7883406837757313e-13,2-25240312-T,0.62526023,1,DNMT3A
TET2 1214.0 R/W,4-105243615-T,0.0741016114332924,0.261090532835201,86,0.0517241379310344,0.9782608695652174,1,0,1,0.949050949050949,3.77293041259184e-20,4-105243615-T,0.55755323,1,TET2
DNMT3A 313.0 W/*,2-25247666-T,0.0844163477910084,0.7312719034439112,58,0.0454545454545454,0.967032967032967,0,2,1,0.974025974025974,3.5437827415253872e-12,2-25247666-T,0.9788259,1,DNMT3A
DNMT3A 366.0 R/H,2-25247076-T,0.0776635333872342,0.1399810171476115,73,0.0425553319919516,0.9555555555555556,0,1,1,0.928071928071928,3.948103922736196e-23,2-25247076-T,0.39028484,0,DNMT3A
PPM1D 552.0 R/*,17-60663388-T,0.0747040466063143,0.1118516410540862,69,0.046875,0.9767441860465116,0,2,0,0.9070929070929072,2.524769879154324e-18,17-60663388-T,0.9999283,1,PPM1D
DNMT3A 749.0 R/C,2-25240379-A,0.0897437013904952,0.137963677415177,75,0.0579710144927536,0.8941176470588236,1,1,0,0.946053946053946,9.39214846969432e-12,2-25240379-A,0.9142251,1,DNMT3A
DNMT3A 309.0 R/H,2-25247679-T,0.0418637723304672,24.07103977006802,43,0.0357142857142857,1.0,0,4,1,0.949050949050949,0.0004711106419578,2-25247679-T,0.03421335,0,DNMT3A
ASXL1 417.0 R/*,20-32433447-T,0.1146298141020859,0.0515581041611604,69,0.0793650793650793,0.7468354430379747,0,2,0,0.3876123876123876,0.0034919704413124,20-32433447-T,0.9997968,1,ASXL1
DNMT3A 749.0 R/H,2-25240378-T,0.0805160290533395,0.1101745978880134,63,0.0441176470588235,0.948051948051948,0,1,1,0.5864135864135864,1.2506665621688024e-17,2-25240378-T,0.74485445,1,DNMT3A
DNMT3A 305.0 W/*,2-25247690-T,0.0758488361381508,1.0517296195485133,59,0.0459770114942528,0.948051948051948,0,2,0,0.994005994005994,7.106226144314975e-10,2-25247690-T,0.98614633,1,DNMT3A
DNMT3A 780.0 I/T,2-25239199-G,0.0768386896440568,2.598363882447557,74,0.0666666666666666,0.9324324324324323,2,0,0,0.9310689310689312,5.0249291747930764e-14,2-25239199-G,0.9551228,1,DNMT3A
ASXL1 404.0 R/*,20-32433408-T,0.097894496401434,0.0537894838953896,61,0.058080808080808,0.8,0,2,0,0.8471528471528471,5.331100550244092e-05,20-32433408-T,0.9994905,1,ASXL1
DNMT3A 659.0 R/H,2-25241668-T,0.0763491520632821,0.1502276095257966,52,0.0461538461538461,0.9402985074626866,0,2,0,0.8131868131868132,6.137457789878699e-09,2-25241668-T,0.8453763,1,DNMT3A
DNMT3A 636.0 V/M,2-25243928-T,0.0790159530828711,0.8616257419932115,61,0.0606060606060606,0.9253731343283582,0,2,0,0.7412587412587412,6.5366938718729724e-09,2-25243928-T,0.9874474,1,DNMT3A
TP53 160.0 M/L,17-7675134-G,0.0616841114548404,48.23333115292937,64,0.0597014925373134,1.0,0,1,1,0.994005994005994,2.1912543955440345e-05,17-7675134-G,0.008080529,0,TP53
DNMT3A 899.0 R/C,2-25234323-A,0.086024635008939,0.0927521822188668,53,0.0480813684697179,0.8939393939393939,0,2,0,0.8561438561438561,1.5880882863916152e-11,2-25234323-A,0.7256043,1,DNMT3A
PPM1D 113.0 A/T,17-60600751-A,0.0449683881023047,37.147370888459534,31,0.034090909090909,1.0,1,4,1,0.7132867132867133,0.0006591720523419,17-60600751-A,2.9293138e-05,0,PPM1D
DNMT3A 714.0 S/C,2-25240672-C,0.0842309779670951,5.254764283522305,60,0.0654205607476635,0.8923076923076924,0,1,1,0.965034965034965,2.3441919397430503e-09,2-25240672-C,0.8567171,1,DNMT3A
TP53 175.0 R/H,17-7675088-T,0.0750984759500966,0.1652924915714472,54,0.0480276639344262,0.967741935483871,0,1,1,0.984015984015984,1.1710299165220251e-19,17-7675088-T,0.9926383,1,TP53
DNMT3A 330.0 W/*,2-25247615-T,0.0808401794606188,0.4888275942716479,38,0.0454545454545454,0.9344262295081968,0,2,0,0.97002997002997,6.0644748377765e-14,2-25247615-T,0.98900956,1,DNMT3A
U2AF1 158.0 Y/*,21-43094663-C,0.0498138691743417,129.8954031898522,34,0.0353982300884955,1.0,0,4,1,0.939060939060939,0.000807814137711,21-43094663-C,0.39232513,0,U2AF1
DNMT3A 882.0 R/S,2-25234374-T,0.0756270421572721,2.6013362421542654,51,0.0546464405160057,0.9333333333333332,1,1,0,0.6643356643356644,2.071478034592571e-07,2-25234374-T,0.9990081,1,DNMT3A
DNMT3A 755.0 F/L,2-25240359-C,0.0763849525665579,11.22096654316504,56,0.0800026123301985,0.9655172413793104,3,2,1,0.7342657342657343,5.776334472770631e-16,2-25240359-C,0.36942837,0,DNMT3A
DNMT3A 729.0 R/Q,2-25240438-T,0.0862972740289913,0.0847360468505775,47,0.0473389355742296,0.9310344827586208,0,2,0,0.972027972027972,1.114215920764245e-12,2-25240438-T,0.668241,1,DNMT3A
DNMT3A 860.0 W/R,2-25235726-G,0.0926057027941677,0.6639340607504962,58,0.098780487804878,0.8793103448275862,3,0,0,0.974025974025974,3.654717235325746e-11,2-25235726-G,0.98790044,1,DNMT3A
SRSF2 94.0 R/H,17-76736880-T,0.0487753199481667,3.8307555258746433,33,0.0389610389610389,1.0,0,3,1,0.996003996003996,6.974801724362717e-09,17-76736880-T,0.40484032,0,SRSF2
DNMT3A 707.0 G/D,2-25240693-T,0.0898226119856975,0.2875967174276198,45,0.0454545454545454,0.8947368421052632,0,1,1,0.8031968031968032,9.205018405939936e-13,2-25240693-T,0.84247315,1,DNMT3A
DNMT3A 296.0 V/M,2-25247719-T,0.0834016683897351,0.3992648233771068,42,0.0495867768595041,0.9454545454545454,1,1,0,0.939060939060939,4.169735365541299e-16,2-25247719-T,0.9591554,1,DNMT3A
DNMT3A 676.0 R/W,2-25241618-A,0.0821021665932724,0.0597121643080645,43,0.0428658909981628,0.9629629629629628,0,1,1,0.987012987012987,1.3305131828683915e-17,2-25241618-A,0.5013691,1,DNMT3A
SRSF2 95.0 P/R,17-76736877-C,0.0951823850358079,2.352255040971438,49,0.0963880288957688,0.8148148148148148,0,1,0,0.983016983016983,2.1915083842076063e-05,17-76736877-C,0.99973994,1,SRSF2
ASXL1 105.0 T/M,20-32428189-T,0.0487368376737438,1.7128784189736308,50,0.04,0.9803921568627452,0,0,1,0.8991008991008991,8.932303148238812e-25,20-32428189-T,1.9205612e-05,0,ASXL1
TET2 1516.0 R/*,4-105275056-T,0.0921362734145416,0.0666297839516328,48,0.0833333333333333,0.84,0,0,0,0.985014985014985,0.0002356191995337,4-105275056-T,0.9960399,1,TET2
DNMT3A 910.0 A/V,2-25234289-A,0.0830889437634166,0.0558788454310424,34,0.0411665019065103,0.96,0,2,0,0.914085914085914,6.001479514746336e-10,2-25234289-A,0.7784001,1,DNMT3A
PPM1D 581.0 R/*,17-60663475-T,0.0844535170593969,0.0499443516073979,45,0.044776119402985,0.875,0,0,1,0.998001998001998,2.3854175079136604e-10,17-60663475-T,0.99956477,1,PPM1D
DNMT3A 705.0 I/T,2-25240699-G,0.0642351606116302,4.8966742661466025,42,0.0526315789473684,1.0,2,1,0,0.918081918081918,3.956213712095435e-07,2-25240699-G,0.99506724,1,DNMT3A
TET2 1216.0 R/*,4-105243621-T,0.0821910734462754,0.0763599372313423,45,0.0659420289855071,0.9130434782608696,1,0,0,0.7892107892107892,6.565187582074762e-10,4-105243621-T,0.9980313,1,TET2
ASXL1 693.0 R/*,20-32434789-T,0.0800753471522674,0.0709320820122758,37,0.0449494949494949,0.9347826086956522,0,2,0,0.996003996003996,9.173254284945916e-10,20-32434789-T,0.99933463,1,ASXL1
DNMT3A 379.0 R/C,2-25246764-A,0.0885820820896407,0.0626870454962106,34,0.0503633598107148,0.9545454545454546,0,1,1,0.5104895104895105,1.4080654835089386e-11,2-25246764-A,0.72026277,1,DNMT3A
TET2 1498.0 R/H,4-105272874-A,0.0899772802133238,0.0414686319855015,41,0.0571480406386065,0.8571428571428571,1,0,1,0.985014985014985,3.9815473808928906e-07,4-105272874-A,0.021604521,0,TET2
DNMT3A 732.0 F/S,2-25240429-G,0.0712074923225963,5.318024778265725,31,0.0510647544545849,0.9761904761904762,1,1,0,0.8481518481518482,1.0356196714713471e-06,2-25240429-G,0.99718374,1,DNMT3A
SRSF2 120.0 R/H,17-76736802-T,0.0465746054020902,6.791707376829947,33,0.0419600938967135,1.0,0,2,1,0.989010989010989,6.835652634084147e-06,17-76736802-T,0.0012681589,0,SRSF2
U2AF1 157.0 Q/P,21-43094667-G,0.0902785424607173,2.605934321087393,37,0.0528273809523809,0.8571428571428571,0,1,0,0.974025974025974,2.2733841475737677e-06,21-43094667-G,0.99855816,1,U2AF1
DNMT3A 899.0 R/H,2-25234322-T,0.0873998785941143,0.0310823430574309,31,0.0422535211267605,0.926829268292683,0,2,1,0.982017982017982,7.781603705680333e-14,2-25234322-T,0.65654784,1,DNMT3A
DNMT3A 586.0 C/*,2-25244248-T,0.0577127623422628,16.432754594037036,32,0.0402702702702702,1.0,0,3,1,0.8181818181818182,4.201852238189383e-07,2-25244248-T,0.08496344,0,DNMT3A
DNMT3A 685.0 G/R,2-25241591-T,0.110062025147656,0.0256962869160577,33,0.0526315789473684,0.8717948717948718,0,1,1,0.9170829170829172,1.0919045307323827e-09,2-25241591-T,0.50603133,1,DNMT3A
PPM1D 478.0 C/*,17-60663168-A,0.0798260727200156,1.9635419690721747,38,0.0606060606060606,0.8974358974358975,0,0,0,0.9250749250749252,3.437807475203037e-07,17-60663168-A,0.9999115,1,PPM1D
U2AF1 207.0 R/S,21-43093204-G,0.0561372546229171,105.57860246614862,36,0.0464260057471263,1.0,1,2,1,0.6533466533466533,0.0042794342971969,21-43093204-G,0.0015332658,0,U2AF1
DNMT3A 660.0 Y/C,2-25241665-C,0.0842278350461089,1.320151865045852,35,0.0611672278338944,0.9473684210526316,0,0,1,0.4735264735264735,1.132898655975655e-09,2-25241665-C,0.9925118,1,DNMT3A
PPM1D 572.0 R/*,17-60663448-T,0.0914574992875353,0.0347626603854846,33,0.05,0.8648648648648649,0,1,1,0.978021978021978,2.4331386600088033e-10,17-60663448-T,0.99990493,1,PPM1D
ASXL1 512.0 Q/*,20-32433732-T,0.0821595422931308,1.242568895277444,30,0.0701754385964912,0.8648648648648649,2,1,0,0.2987012987012987,9.430512666114702e-06,20-32433732-T,0.9998441,1,ASXL1
DNMT3A 729.0 R/G,2-25240439-C,0.0872758740615912,1.5138758228990206,32,0.0695406929895245,0.8888888888888888,0,2,0,0.999000999000999,2.9099367688184377e-05,2-25240439-C,0.99416375,1,DNMT3A
DNMT3A 826.0 K/R,2-25236937-C,0.0805850423299265,2.1206882542199,36,0.0674242424242423,0.9444444444444444,0,0,0,0.5704295704295704,0.0005665965851127,2-25236937-C,0.56208885,1,DNMT3A
DNMT3A 562.0 C/Y,2-25244321-T,0.0788541995226193,0.4296829121524059,30,0.048076923076923,0.9714285714285714,0,0,1,0.9690309690309692,2.643998289262712e-09,2-25244321-T,0.94609326,1,DNMT3A
PPM1D 357.0 R/H,17-60656651-A,0.0457708927246949,6.307834851629137,30,0.0422535211267605,1.0,0,2,1,0.4635364635364635,0.0004876798154757,17-60656651-A,0.0016214564,0,PPM1D
DNMT3A 550.0 G/R,2-25244559-T,0.0766440281080045,0.1231144609510817,31,0.056118881118881,0.9375,1,0,1,0.998001998001998,4.742079352782868e-08,2-25244559-T,0.52058095,1,DNMT3A
DNMT3A 525.0 A/V,2-25244633-A,0.0603788284090162,0.4252203144480005,31,0.0508474576271186,1.0,0,1,0,0.8711288711288712,0.0026096816081033,2-25244633-A,0.0074680946,0,DNMT3A
TET2 1366.0 R/H,4-105269662-A,0.0985111403246117,0.0176558134641025,32,0.0705980066445182,0.71875,0,0,1,0.6733266733266733,0.000179460361447,4-105269662-A,0.985957,1,TET2
TP53 245.0 G/D,17-7674229-T,0.0673310034452518,1.3156164996221016,30,0.0638586956521738,0.9666666666666668,0,0,1,0.8661338661338661,2.511220706340826e-08,17-7674229-T,0.98125315,1,TP53
